{
  "displayW": 600,
  "keystone5": {
    "y0": 0.7133333086967468,
    "x0": 0.5400000214576721,
    "y1": 0.6916666626930237,
    "x1": 0.9200000166893005,
    "y2": 0.9516666531562805,
    "x2": 0.9583333134651184,
    "y3": 0.9633333086967468,
    "x3": 0.5333333611488342
  },
  "keystone4": {
    "y0": 0.6666666865348816,
    "x0": 0,
    "y1": 0.6666666865348816,
    "x1": 0.5,
    "y2": 0.9683333039283752,
    "x2": 0.5066666603088379,
    "y3": 0.9766666889190674,
    "x3": 0.014999999664723873
  },
  "displayY": 0,
  "keystone3": {
    "y0": 0.37166666984558105,
    "x0": 0.5616666674613953,
    "y1": 0.38333332538604736,
    "x1": 0.9116666913032532,
    "y2": 0.6266666650772095,
    "x2": 0.9416666626930237,
    "y3": 0.6299999952316284,
    "x3": 0.5533333420753479
  },
  "displayX": 0,
  "displayH": 600,
  "keystone2": {
    "y0": 0.3449999988079071,
    "x0": 0.11166666448116302,
    "y1": 0.4033333361148834,
    "x1": 0.44999998807907104,
    "y2": 0.6666666865348816,
    "x2": 0.5,
    "y3": 0.6666666865348816,
    "x3": 0
  },
  "keystone1": {
    "y0": 0,
    "x0": 0.5,
    "y1": 0.03999999910593033,
    "x1": 0.9049999713897705,
    "y2": 0.32499998807907104,
    "x2": 0.9616666436195374,
    "y3": 0.3333333432674408,
    "x3": 0.5
  },
  "keystone0": {
    "y0": 0.1599999964237213,
    "x0": 0.14499999582767487,
    "y1": 0.10166666656732559,
    "x1": 0.3499999940395355,
    "y2": 0.26499998569488525,
    "x2": 0.3216666579246521,
    "y3": 0.273333340883255,
    "x3": 0.14499999582767487
  }
}