{
  "displayW": 600,
  "keystone5": {
    "y0": 0.7316666841506958,
    "x0": 0.6899999976158142,
    "y1": 0.7283333539962769,
    "x1": 0.7900000214576721,
    "y2": 0.8349999785423279,
    "x2": 0.8050000071525574,
    "y3": 0.8149999976158142,
    "x3": 0.6833333373069763
  },
  "keystone4": {
    "y0": 0.6766666769981384,
    "x0": 0.06666667014360428,
    "y1": 0.7116666436195374,
    "x1": 0.4483333230018616,
    "y2": 0.9599999785423279,
    "x2": 0.46000000834465027,
    "y3": 0.9433333277702332,
    "x3": 0.06666667014360428
  },
  "displayY": 0,
  "keystone3": {
    "y0": 0.37166666984558105,
    "x0": 0.550000011920929,
    "y1": 0.398333340883255,
    "x1": 0.9583333134651184,
    "y2": 0.6183333396911621,
    "x2": 0.9566666483879089,
    "y3": 0.6200000047683716,
    "x3": 0.5400000214576721
  },
  "displayX": 0,
  "displayH": 600,
  "keystone2": {
    "y0": 0.34833332896232605,
    "x0": 0.04500000178813934,
    "y1": 0.36666667461395264,
    "x1": 0.4749999940395355,
    "y2": 0.6299999952316284,
    "x2": 0.4749999940395355,
    "y3": 0.6233333349227905,
    "x3": 0.054999999701976776
  },
  "keystone1": {
    "y0": 0.03166666626930237,
    "x0": 0.5583333373069763,
    "y1": 0.02500000037252903,
    "x1": 0.9449999928474426,
    "y2": 0.3050000071525574,
    "x2": 0.9666666388511658,
    "y3": 0.2966666519641876,
    "x3": 0.54666668176651
  },
  "keystone0": {
    "y0": 0.023333333432674408,
    "x0": 0.03500000014901161,
    "y1": 0.029999999329447746,
    "x1": 0.4533333480358124,
    "y2": 0.30000001192092896,
    "x2": 0.45500001311302185,
    "y3": 0.2933333218097687,
    "x3": 0.036666665226221085
  }
}